<?xml version="1.0" encoding="UTF-8"?>
<project-private xmlns="http://www.netbeans.org/ns/project-private/1">
    <editor-bookmarks xmlns="http://www.netbeans.org/ns/editor-bookmarks/2" lastBookmarkId="0"/>
    <open-files xmlns="http://www.netbeans.org/ns/projectui-open-files/2">
        <group>
            <file>file:/H:/CMJD97/ThogaKade/src/thogakade/ViewCustomerForm.java</file>
            <file>file:/H:/CMJD97/ThogaKade/src/thogakade/AddCustomerForm.java</file>
            <file>file:/H:/CMJD97/ThogaKade/src/thogakade/SearchCustomerForm.java</file>
            <file>file:/H:/CMJD97/ThogaKade/src/thogakade/UpdateCustomerForm.java</file>
            <file>file:/H:/CMJD97/ThogaKade/src/thogakade/DeleteCustomerForm.java</file>
            <file>file:/H:/CMJD97/ThogaKade/src/thogakade/ThogaKade.java</file>
        </group>
    </open-files>
</project-private>
